City_ID,City,Lat,Lng,Max Temp,Humidity,Cloudiness,Wind Speed,Country,date
0,Butaritari,3.0707,172.7902,81.66,77,89,16.64,KI,1670539997
1,Chokurdakh,70.6333,147.9167,-23.19,99,98,4.56,RU,1670539998
2,Porto Novo,6.4965,2.6036,79.57,81,80,5.61,BJ,1670539998
3,Ushuaia,-54.8,-68.3,44.26,76,100,13.8,AR,1670539745
4,Iroquois Falls,48.7669,-80.6831,5.16,92,17,2.44,CA,1670539999
5,Akhmeta,42.0311,45.2075,34.32,89,91,0.83,GE,1670539999
6,Ribeira Grande,38.5167,-28.7,59.77,82,73,11.99,PT,1670540000
7,Atuona,-9.8,-139.0333,77.9,67,65,13.98,PF,1670539902
8,Cherskiy,68.75,161.3,-13.23,84,59,3.13,RU,1670540000
9,Punta Arenas,-53.15,-70.9167,51.91,58,20,11.5,CL,1670539989
10,Ilulissat,69.2167,-51.1,32.07,72,100,6.38,GL,1670540001
11,Altay,47.8667,88.1167,0.95,53,5,7.27,CN,1670540002
12,Kyabe,9.4515,18.9449,76.62,21,98,4.27,TD,1670540002
13,Aklavik,68.2191,-135.0107,-23.8,69,40,6.91,CA,1670540002
14,Mataura,-46.1927,168.8643,63.48,55,100,1.23,NZ,1670540003
15,Busselton,-33.65,115.3333,59.99,62,35,3.56,AU,1670540003
16,Barrow,71.2906,-156.7887,10.42,85,100,5.75,US,1670540004
17,Urumqi,43.801,87.6005,0.55,85,75,4.47,CN,1670540004
18,Panama City,8.9936,-79.5197,85.95,63,20,9.22,PA,1670539802
19,Rikitea,-23.1203,-134.9692,75.33,78,71,12.62,PF,1670540005
20,Lata,40.1629,-8.3327,52.92,96,100,5.64,PT,1670540005
21,Luderitz,-26.6481,15.1594,61.05,90,0,8.1,NA,1670540006
22,Manta,-0.95,-80.7333,80.38,65,0,16.11,EC,1670539807
23,Khatanga,71.9667,102.5,-13.65,95,100,2.57,RU,1670540006
24,Bredasdorp,-34.5322,20.0403,67.62,90,78,6.8,ZA,1670540007
25,Vaini,-21.2,-175.2,84.36,79,40,12.66,TO,1670540007
26,Garowe,8.4054,48.4845,69.26,82,42,8.28,SO,1670540008
27,Puerto Ayora,-0.7393,-90.3518,82.36,85,39,5.01,EC,1670539773
28,Omsukchan,62.5333,155.8,-13.34,94,100,3.22,RU,1670540008
29,Clyde River,70.4692,-68.5914,14.23,73,100,16.11,CA,1670540009
30,Port Elizabeth,-33.918,25.5701,71.89,99,100,17.27,ZA,1670540009
31,Bengkulu,-3.8004,102.2655,74.16,90,100,4.74,ID,1670540010
32,Hobart,-42.8794,147.3294,56.26,75,91,6.58,AU,1670540010
33,Arman,59.7,150.1667,-5.84,92,100,8.23,RU,1670540011
34,Kaitangata,-46.2817,169.8464,65.39,63,100,2.44,NZ,1670540011
35,Upington,-28.4478,21.2561,84.58,28,43,10.36,ZA,1670540012
36,Jamestown,42.097,-79.2353,39.02,62,100,3.44,US,1670540012
37,Kunri,25.1785,69.5691,63.54,35,0,2.55,PK,1670540012
38,Bambous Virieux,-20.3428,57.7575,77.25,78,75,10.36,MU,1670540013
39,Zhigansk,66.7697,123.3711,-19.03,98,100,2.86,RU,1670540013
40,Avarua,-21.2078,-159.775,82.45,83,20,6.91,CK,1670540001
41,Atar,20.5169,-13.0499,77.56,41,77,3.27,MR,1670540014
42,Clarence Town,-32.5833,151.7833,67.6,51,92,5.88,AU,1670540014
43,Bayan,46.0833,127.4,2.88,97,75,3.69,CN,1670540014
44,Sirok,47.9333,20.2,35.78,95,100,1.72,HU,1670540014
45,Kupang,-10.1667,123.5833,79.38,89,20,3.44,ID,1670540015
46,Yumen,40.2833,97.2,15.62,78,87,3.33,CN,1670540015
47,Vostok,46.4856,135.8833,-1.95,98,85,5.21,RU,1670540016
48,Muros,42.7762,-9.0603,55.09,95,96,6.42,ES,1670540016
49,Hermanus,-34.4187,19.2345,71.8,84,46,7.58,ZA,1670540016
50,Yellowknife,62.456,-114.3525,-7.08,77,100,14.97,CA,1670540017
51,Tiksi,71.6872,128.8694,-11.79,100,100,2.73,RU,1670540017
52,Klaksvik,62.2266,-6.589,38.32,86,100,38.25,FO,1670540018
53,Misratah,32.3754,15.0925,65.16,68,8,8.79,LY,1670540018
54,Talnakh,69.4865,88.3972,-10.59,97,93,1.74,RU,1670540018
55,Yulara,-25.2406,130.9889,88.52,13,28,18.32,AU,1670540019
56,Arraial Do Cabo,-22.9661,-42.0278,73.36,88,40,5.75,BR,1670540019
57,San Fernando,15.0286,120.6898,82.13,86,100,3.58,PH,1670540019
58,Upernavik,72.7868,-56.1549,31.75,78,100,17.11,GL,1670540020
59,Mar Del Plata,-38.0023,-57.5575,78.82,27,0,10.36,AR,1670540020
60,Korla,41.7597,86.1469,25.25,51,89,5.3,CN,1670540020
61,Victoria,22.2855,114.1577,65.25,79,0,1.99,HK,1670539936
62,Smithers,54.7804,-127.1743,35.92,64,75,12.66,CA,1670540021
63,Codrington,-38.2667,141.9667,55.8,60,100,7.07,AU,1670540021
64,Mahebourg,-20.4081,57.7,77.29,78,75,10.36,MU,1670540021
65,George,-33.963,22.4617,65.75,100,75,4.61,ZA,1670540022
66,Cockburn Town,21.4612,-71.1419,78.21,65,17,19.17,TC,1670539977
67,Bluff,-46.6,168.3333,63.81,80,100,2.3,NZ,1670540022
68,Deputatskiy,69.3,139.9,-32.55,95,57,3.36,RU,1670540023
69,New Norfolk,-42.7826,147.0587,55.9,56,86,3.0,AU,1670540023
70,Kapaa,22.0752,-159.319,78.1,74,96,8.99,US,1670540023
71,Lebu,-37.6167,-73.65,61.66,92,97,8.25,CL,1670540024
72,Kruisfontein,-34.0033,24.7314,69.62,92,62,6.64,ZA,1670540024
73,Ayan,56.45,138.1667,-3.14,68,34,12.59,RU,1670540024
74,Tuktoyaktuk,69.4541,-133.0374,-25.6,75,20,5.75,CA,1670540025
75,Kodiak,57.79,-152.4072,28.9,63,2,15.46,US,1670540025
76,Coihaique,-45.5752,-72.0662,52.41,82,75,5.75,CL,1670540025
77,Mogadishu,2.0371,45.3438,80.15,77,100,11.74,SO,1670540026
78,North Branch,45.5113,-92.9802,28.51,84,8,4.81,US,1670540026
79,Santa Vitoria Do Palmar,-33.5189,-53.3681,72.48,77,0,6.93,BR,1670539849
80,Hilo,19.7297,-155.09,79.25,82,20,13.8,US,1670539823
81,Ixtapa,20.7,-105.2,80.22,79,26,5.01,MX,1670540027
82,Chuy,-33.6971,-53.4616,71.87,79,0,6.96,UY,1670540027
83,Lavrentiya,65.5833,-171.0,8.17,84,82,6.67,RU,1670540027
84,Turbat,26.0023,63.044,68.94,32,0,11.92,PK,1670540028
85,Cansancao,-10.6672,-39.4992,78.04,57,70,6.64,BR,1670540028
86,Constitucion,-35.3333,-72.4167,65.82,85,23,9.82,CL,1670540028
87,Vao,-22.6667,167.4833,78.21,80,0,8.03,NC,1670540029
88,Norman Wells,65.282,-126.8329,-21.96,76,100,0.0,CA,1670540029
89,Saint George,37.1041,-113.5841,52.43,58,0,4.0,US,1670540026
90,Ambilobe,-13.2,49.05,73.87,87,7,1.77,MG,1670540030
91,Narsaq,60.9167,-46.05,20.25,75,100,6.73,GL,1670540030
92,Abu Zabad,12.35,29.25,66.85,34,25,11.39,SD,1670540031
93,Cape Town,-33.9258,18.4232,76.37,61,0,6.91,ZA,1670539937
94,Sola,-13.8833,167.55,81.93,74,100,9.53,VU,1670540031
95,Morshansk,53.4435,41.8107,21.74,94,100,11.63,RU,1670540032
96,Albany,42.6001,-73.9662,41.65,73,82,3.0,US,1670539744
97,Penha,-26.7694,-48.6458,76.87,78,20,8.05,BR,1670540032
98,Husavik,66.0449,-17.3389,29.79,85,100,21.12,IS,1670540033
99,Bubaque,11.2833,-15.8333,81.16,71,0,13.09,GW,1670540033
100,Fortuna,40.5982,-124.1573,46.98,95,100,6.91,US,1670540034
101,Bhabua,25.05,83.6167,52.93,46,61,2.98,IN,1670539939
102,Grants,35.1473,-107.8514,46.63,19,0,4.61,US,1670539776
103,Nikolskoye,59.7035,30.7861,30.09,91,99,9.91,RU,1670540035
104,Nhulunbuy,-12.2333,136.7667,86.61,66,100,4.61,AU,1670540035
105,Kiunga,-6.1219,141.2906,77.63,85,98,1.41,PG,1670540036
106,Yantal,56.8471,105.2542,8.02,92,100,11.81,RU,1670540036
107,Port Alfred,-33.5906,26.891,73.18,96,100,3.0,ZA,1670540036
108,Potiskum,11.7091,11.0694,66.07,23,3,9.75,NG,1670540037
109,Santa Cruz De La Palma,28.6835,-17.7642,69.94,68,75,3.44,ES,1670540037
110,Nome,64.5011,-165.4064,15.87,79,100,0.0,US,1670539798
111,Beaupre,47.0443,-70.8953,32.9,64,6,5.75,CA,1670540038
112,Leningradskiy,69.3833,178.4167,-17.97,91,19,4.45,RU,1670540038
113,Moose Factory,51.2585,-80.6094,5.0,78,100,8.05,CA,1670540039
114,Jardim,-21.4803,-56.1381,86.41,54,76,8.19,BR,1670540039
115,Santa Maria,-29.6842,-53.8069,85.3,42,20,3.44,BR,1670539911
116,Qaanaaq,77.484,-69.3632,18.73,76,100,14.12,GL,1670540040
117,Kargasok,59.0556,80.8572,6.75,93,100,14.14,RU,1670540040
118,Sept-Iles,50.2001,-66.3821,34.32,86,75,10.36,CA,1670540040
119,Grindavik,63.8424,-22.4338,30.67,64,40,28.77,IS,1670540041
120,Dikson,73.5069,80.5464,-0.38,96,98,16.55,RU,1670540041
121,Ivanino,51.6434,35.5769,26.13,96,100,5.17,RU,1670540041
122,Ilo,-17.6394,-71.3375,67.44,84,100,4.27,PE,1670540042
123,Faanui,-16.4833,-151.75,80.83,72,79,12.41,PF,1670540042
124,Kaliua,-5.0606,31.7936,64.22,83,47,3.62,TZ,1670540042
125,Gizo,-8.103,156.8419,83.5,72,100,4.14,SB,1670540043
126,Bukama,-9.2,25.85,67.69,98,100,3.24,CD,1670540043
127,Faya,18.3851,42.4509,53.71,72,1,2.21,SA,1670540044
128,Saint-Louis,16.3333,-15.0,82.04,34,0,12.1,SN,1670539878
129,Talcahuano,-36.7167,-73.1167,62.28,100,100,6.91,CL,1670540044
130,Grand Gaube,-20.0064,57.6608,77.4,77,18,1.99,MU,1670540045
131,Carnarvon,-24.8667,113.6333,68.86,66,73,15.55,AU,1670540046
132,Thompson,55.7435,-97.8558,-18.24,76,20,0.0,CA,1670540046
133,Makakilo City,21.3469,-158.0858,80.44,62,40,11.5,US,1670540047
134,Laguna,38.421,-121.4238,56.05,70,100,4.0,US,1670540047
135,Haines Junction,60.7522,-137.5108,19.35,68,100,8.05,CA,1670540048
136,Nemuro,43.3236,145.575,29.37,53,13,12.33,JP,1670540048
137,Karratha,-20.7377,116.8463,79.79,43,0,14.18,AU,1670540049
138,Jalu,29.0331,21.5482,60.93,54,0,7.05,LY,1670540049
139,Saint-Philippe,-21.3585,55.7679,74.79,87,26,12.97,RE,1670540050
140,Tasiilaq,65.6145,-37.6368,11.5,60,43,5.21,GL,1670540050
141,Kolda,12.8833,-14.95,77.31,88,0,0.0,SN,1670540050
142,Terney,45.0503,136.6092,16.59,76,31,5.59,RU,1670540051
143,Innisfail,-17.5333,146.0333,83.61,51,8,1.43,AU,1670540051
144,Panjab,34.388,67.0233,21.15,98,100,2.35,AF,1670540052
145,Kaunas,54.9,23.9,32.18,86,100,9.22,LT,1670540052
146,Havelock,34.8791,-76.9013,59.0,83,40,11.5,US,1670540053
147,College,64.8569,-147.8028,17.58,87,100,6.91,US,1670540053
148,San Ramon,37.7799,-121.978,56.55,65,20,10.36,US,1670539876
149,Alto Araguaia,-17.3147,-53.2153,79.75,56,100,0.29,BR,1670540054
150,Hami,42.8,93.45,21.97,52,12,8.05,CN,1670540054
151,Puruandiro,20.0833,-101.5,73.27,17,0,4.47,MX,1670540055
152,Airai,-8.9266,125.4092,64.45,72,86,2.33,TL,1670540055
153,Cayenne,4.9333,-52.3333,77.04,94,0,0.0,GF,1670539861
154,Tura,25.5198,90.2201,59.0,82,71,3.09,IN,1670540056
155,Bulungu,-4.55,18.6,66.38,98,95,2.75,CD,1670540056
156,Gannan,47.9147,123.5031,3.47,86,99,5.84,CN,1670540056
157,Cidreira,-30.1811,-50.2056,72.34,85,0,10.83,BR,1670540057
158,Daru,-9.0763,143.2092,83.12,75,100,4.05,PG,1670540057
159,Susangerd,31.5608,48.1831,59.67,50,0,9.19,IR,1670540058
160,Salinopolis,-0.6136,-47.3561,78.89,82,94,9.69,BR,1670540058
161,Satka,55.0425,59.04,0.57,95,56,3.87,RU,1670540059
162,Dawson Creek,55.7666,-120.2362,31.64,64,0,14.97,CA,1670539990
163,Ancud,-41.8697,-73.8203,56.84,95,98,14.29,CL,1670540059
164,Gladstone,-23.85,151.25,84.78,65,41,5.75,AU,1670540059
165,Gemena,3.25,19.7667,69.39,96,100,2.06,CD,1670540060
166,Provideniya,64.3833,-173.3,15.91,79,0,4.47,RU,1670540060
167,Bosaso,11.2842,49.1816,73.58,79,99,2.48,SO,1670540061
168,Vila Velha,-20.3297,-40.2925,76.95,87,75,6.91,BR,1670540062
169,Sakakah,29.9697,40.2064,56.77,68,13,7.7,SA,1670540063
170,Bethel,41.3712,-73.414,47.48,63,0,5.75,US,1670539898
171,Waddan,29.1614,16.139,65.46,23,0,7.02,LY,1670540064
172,Hithadhoo,-0.6,73.0833,82.33,76,100,18.12,MV,1670540065
173,San Miguelito,9.0333,-79.5,85.44,65,20,9.22,PA,1670540065
174,Muroto,33.2833,134.15,55.65,61,2,6.53,JP,1670540065
175,Itarema,-2.9248,-39.9167,79.34,78,77,15.59,BR,1670540066
176,Westlock,54.1502,-113.8688,15.12,93,57,6.11,CA,1670540066
177,Severo-Kurilsk,50.6789,156.125,24.31,62,74,11.77,RU,1670540038
178,Texarkana,33.4251,-94.0477,67.84,94,100,3.44,US,1670540067
179,Kavieng,-2.5744,150.7967,82.22,77,100,6.58,PG,1670540068
180,Kahului,20.8947,-156.47,79.84,78,90,18.99,US,1670540068
181,Coahuayana,18.7333,-103.6833,82.78,72,80,5.14,MX,1670540068
182,Los Llanos De Aridane,28.6585,-17.9182,65.95,89,75,4.0,ES,1670540035
183,Tambopata,-12.7333,-69.1833,89.49,55,20,3.44,PE,1670540069
184,Yeppoon,-23.1333,150.7333,82.18,64,18,4.47,AU,1670540069
185,Elesbao Veloso,-6.2019,-42.1403,84.2,37,80,3.36,BR,1670540069
186,Iqaluit,63.7506,-68.5145,4.73,72,75,9.22,CA,1670540070
187,Atambua,-9.1061,124.8925,77.02,74,94,3.4,ID,1670540070
188,Touros,-5.1989,-35.4608,78.85,80,98,13.15,BR,1670540071
189,Kismayo,-0.3582,42.5454,78.91,79,58,6.98,SO,1670540071
190,Bilibino,68.0546,166.4372,-18.58,93,36,5.95,RU,1670540071
191,Jodhpur,26.2867,73.03,62.22,28,0,5.95,IN,1670540072
192,Otane,-39.8833,176.6333,64.0,97,100,9.73,NZ,1670540072
193,Kannur,11.8675,75.3576,75.33,61,100,3.31,IN,1670540072
194,Mount Gambier,-37.8333,140.7667,57.04,52,99,6.49,AU,1670540073
195,Runcorn,53.3417,-2.7312,34.52,86,40,5.75,GB,1670540073
196,Tilichiki,60.4667,166.1,16.41,84,100,6.58,RU,1670540073
197,Anadyr,64.75,177.4833,7.3,77,75,6.71,RU,1670540074
198,Broken Hill,-31.95,141.4333,63.3,33,98,11.59,AU,1670540074
199,Henties Bay,-22.116,14.2845,58.57,91,0,4.74,NA,1670540074
200,Teahupoo,-17.8333,-149.2667,80.56,80,88,11.32,PF,1670540075
201,Naze,28.3667,129.4833,67.12,69,99,15.55,JP,1670540075
202,Burnie,-41.0667,145.9167,58.95,47,3,3.76,AU,1670540076
203,Santa Lucia,27.9117,-15.5407,61.92,83,40,3.44,ES,1670540076
204,Vanimo,-2.6741,141.3028,80.51,83,99,2.84,PG,1670540076
205,Grootfontein,-19.5667,18.1167,72.97,38,69,8.05,NA,1670540077
206,Ulverstone,-41.15,146.1667,59.22,50,3,4.94,AU,1670540077
207,Durango,24.8333,-104.8333,73.45,21,0,6.53,MX,1670539816
208,Bonfim,3.0833,-59.95,80.74,70,91,4.9,BR,1670539875
209,Takoradi,4.8845,-1.7554,79.5,83,33,8.14,GH,1670540078
210,Kutum,14.2,24.6667,57.45,21,26,6.33,SD,1670540078
211,Sibolga,1.7427,98.7792,74.82,91,100,3.02,ID,1670540078
212,Bose,45.4612,8.0137,40.21,81,85,1.77,IT,1670540079
213,Tautira,-17.7333,-149.15,79.05,79,72,10.56,PF,1670540079
214,Guarapari,-20.6667,-40.4975,74.89,93,26,4.61,BR,1670540079
215,Dunedin,-45.8742,170.5036,65.8,71,100,1.99,NZ,1670540080
216,Xam Nua,20.4197,104.0439,59.29,94,100,1.39,LA,1670540080
217,Winnemucca,40.973,-117.7357,42.85,52,0,0.0,US,1670540081
218,Shahrud,36.4182,54.9763,33.89,76,58,5.66,IR,1670540081
219,Plouzane,48.3833,-4.6167,37.72,80,0,4.61,FR,1670540081
220,Okato,-39.2,173.8833,60.91,100,100,17.67,NZ,1670540082
221,Lagoa,39.05,-27.9833,58.93,73,76,18.37,PT,1670540082
222,Beringovskiy,63.05,179.3167,10.44,97,79,4.41,RU,1670540082
223,Zhangye,38.9342,100.4517,21.33,69,45,2.62,CN,1670540083
224,Lompoc,34.6391,-120.4579,60.01,75,0,6.91,US,1670540083
225,Qui Nhon,13.7667,109.2333,76.06,83,96,15.64,VN,1670540084
226,La Rioja,42.25,-2.5,40.78,100,100,4.25,ES,1670540084
227,Selikhino,50.3672,137.4996,5.41,95,100,8.39,RU,1670540084
228,Binghamton,42.0987,-75.918,41.94,81,100,6.91,US,1670540085
229,Quatre Cocos,-20.2078,57.7625,77.11,79,63,15.97,MU,1670540085
230,Bahia Honda,22.9036,-83.1592,75.69,69,3,12.17,CU,1670540086
231,Esperance,-33.8667,121.9,65.57,80,0,9.01,AU,1670540086
232,Praia,14.9215,-23.5087,75.74,78,20,17.27,CV,1670540018
233,Solenzo,12.1833,-4.0833,77.95,20,0,7.09,BF,1670540087
234,Torquay,50.4638,-3.5143,38.71,86,39,10.0,GB,1670540087
235,Te Anau,-45.4167,167.7167,54.97,96,100,1.48,NZ,1670540087
236,Kuusamo,65.9667,29.1833,23.04,86,40,6.91,FI,1670540088
237,Ayacucho,-13.1583,-74.2239,65.7,46,100,5.84,PE,1670540088
238,Lasa,46.6166,10.7002,31.03,86,74,1.95,IT,1670540089
239,Prince Rupert,54.3161,-130.3201,39.29,67,40,16.11,CA,1670539812
240,Hashtgerd,35.9642,50.6858,33.64,71,47,0.67,IR,1670540089
241,Izamal,20.9333,-89.0167,79.05,67,56,8.66,MX,1670540090
242,San Marco In Lamis,41.7131,15.6399,43.72,75,44,7.58,IT,1670539992
243,Antofagasta,-23.65,-70.4,67.28,79,86,3.74,CL,1670540091
244,East London,-33.0153,27.9116,74.16,94,99,20.98,ZA,1670540091
245,Torbay,47.6666,-52.7314,39.76,97,100,14.97,CA,1670540091
246,Abha,18.2164,42.5053,53.42,82,0,4.61,SA,1670540092
247,Winslow,35.0242,-110.6974,48.38,40,0,0.0,US,1670540092
248,Lakshettipet,18.8667,79.2167,58.55,42,99,3.91,IN,1670540093
249,Puerto Escondido,15.85,-97.0667,81.59,64,0,5.14,MX,1670540093
250,Lorengau,-2.0226,147.2712,81.37,81,100,7.96,PG,1670540093
251,Longyearbyen,78.2186,15.6401,21.04,79,75,8.05,SJ,1670540094
252,Hirara,24.8,125.2833,71.46,100,75,24.16,JP,1670540094
253,Chernyshevskiy,63.0128,112.4714,-35.77,100,35,0.96,RU,1670540095
254,Kysyl-Syr,63.8986,122.7617,-22.32,97,100,5.77,RU,1670540095
255,Alta Floresta,-9.8756,-56.0861,73.76,92,80,3.67,BR,1670540095
256,Seddon,-37.8068,144.8916,60.91,51,75,16.11,AU,1670540096
257,Englehart,47.8169,-79.8664,6.82,78,0,0.0,CA,1670540096
258,Saint-Augustin,51.226,-58.6502,35.11,90,100,11.05,CA,1670540097
259,Mae Hong Son,19.3003,97.9685,69.94,94,75,0.0,TH,1670540097
260,La Primavera,5.4906,-70.4092,79.95,61,68,4.99,CO,1670540098
261,Nobres,-14.7203,-56.3275,82.62,61,96,2.44,BR,1670540098
262,Savonlinna,61.8699,28.88,21.25,93,100,1.14,FI,1670540099
263,Atbasar,51.8,68.3333,-8.39,97,24,6.06,KZ,1670540099
264,Cheyenne,41.14,-104.8203,35.92,40,40,23.02,US,1670540100
265,Tuatapere,-46.1333,167.6833,58.8,88,100,1.43,NZ,1670540100
266,Novomykolayivka,47.9781,35.9102,38.71,92,100,10.0,UA,1670540101
267,Mannarakkat,10.9833,76.4667,73.87,72,100,1.74,IN,1670540101
268,Allonnes,47.9674,0.1581,33.84,86,75,4.61,FR,1670540101
269,Tarpon Springs,28.1461,-82.7568,76.14,81,0,6.91,US,1670539876
270,Belmonte,-15.8631,-38.8828,75.96,92,100,8.81,BR,1670540102
271,Valdez,1.2492,-78.9831,75.94,82,53,12.68,EC,1670540016
272,Yinchuan,38.4681,106.2731,27.34,44,71,4.07,CN,1670540106
273,Jining,35.405,116.5814,36.82,85,18,2.64,CN,1670540106
274,Piacabucu,-10.4056,-36.4344,77.49,82,78,13.38,BR,1670539996
275,Halmstad,56.6745,12.8568,34.3,75,75,21.85,SE,1670540107
276,Nouadhibou,20.931,-17.0347,66.79,88,29,12.84,MR,1670540108
277,Sur,22.5667,59.5289,73.36,62,0,4.0,OM,1670540108
278,Oranjestad,12.524,-70.027,80.55,76,20,11.5,AW,1670539813
279,Portland,45.5234,-122.6762,44.83,94,100,1.99,US,1670539996
280,Cabedelo,-6.9811,-34.8339,81.27,78,26,10.67,BR,1670540109
281,Ahipara,-35.1667,173.1667,68.79,93,100,4.63,NZ,1670540109
282,Yaan,7.3833,8.5667,78.51,18,62,5.97,NG,1670540110
283,Ola,59.5833,151.2833,0.81,94,99,7.83,RU,1670540111
284,Hvide Sande,56.0045,8.1294,41.31,67,95,10.47,DK,1670540111
285,Springfield,37.2153,-93.2982,55.26,95,100,5.75,US,1670539843
286,Caravelas,-17.7125,-39.2481,74.05,96,41,9.42,BR,1670540112
287,Kharan,28.5833,65.4167,55.6,37,3,6.17,PK,1670540112
288,Leshukonskoye,64.8989,45.7622,3.04,96,100,4.74,RU,1670540113
289,Rio Grande,-32.035,-52.0986,80.71,83,0,12.24,BR,1670540113
290,Saskylakh,71.9167,114.0833,-6.47,97,100,12.15,RU,1670540114
291,Tezu,27.9167,96.1667,59.7,47,0,3.69,IN,1670540114
292,Boyolangu,-8.1181,111.8935,75.54,90,98,2.06,ID,1670540114
293,Raymondville,26.4815,-97.7831,82.51,46,0,13.47,US,1670540115
294,Bilma,18.6853,12.9164,66.88,19,15,4.94,NE,1670540116
295,Gimli,50.6336,-96.9907,10.42,72,50,6.91,CA,1670540116
296,Asbestovskiy,57.7557,61.3967,10.56,73,46,12.82,RU,1670540116
297,Mount Isa,-20.7333,139.5,87.57,12,1,14.97,AU,1670540117
298,Coari,-4.085,-63.1414,74.77,96,24,3.51,BR,1670539989
299,Marawi,7.9986,124.2928,69.87,94,100,0.34,PH,1670540118
300,Castro,-24.7911,-50.0119,68.77,82,47,4.21,BR,1670540118
301,Morro Bay,35.3658,-120.8499,57.99,84,100,1.99,US,1670540119
302,Komsomolskiy,40.4272,71.7189,30.92,93,100,6.91,UZ,1670540119
303,Itum-Kale,42.7356,45.5758,37.04,55,38,5.55,RU,1670540120
304,Nanortalik,60.1432,-45.2371,24.67,76,85,6.78,GL,1670540120
305,Ponta Do Sol,32.6667,-17.1,68.63,81,96,17.56,PT,1670540121
306,Meulaboh,4.1363,96.1285,74.97,87,100,6.13,ID,1670540121
307,Nanpiao,41.0982,120.7479,24.69,39,0,2.17,CN,1670540122
308,Provo,40.2338,-111.6585,37.63,78,17,0.72,US,1670539870
309,Katsuura,35.1333,140.3,53.38,77,99,10.2,JP,1670540123
310,Pangkalanbuun,-2.6833,111.6167,74.21,97,100,0.87,ID,1670540123
311,Ambulu,-8.345,113.6058,76.91,87,74,3.24,ID,1670540124
312,Dolgoye,52.8,37.2167,24.12,97,100,6.71,RU,1670540124
313,Vestmannaeyjar,63.4427,-20.2734,29.46,58,10,16.91,IS,1670540125
314,Ambon,-3.6954,128.1814,78.24,15,20,4.61,ID,1670540125
315,Orlik,52.5178,99.825,-18.06,94,38,3.02,RU,1670540126
316,Colares,38.7992,-9.4469,59.76,91,92,21.0,PT,1670540126
317,Liverpool,53.4106,-2.9779,34.43,86,40,5.75,GB,1670540127
318,Shahreza,32.0339,51.8794,38.37,71,47,3.31,IR,1670540127
319,Nalut,30.3333,10.85,62.8,27,0,9.35,LY,1670540128
320,Ubatuba,-23.4339,-45.0711,73.04,87,8,2.3,BR,1670540128
321,Voh,-20.9667,164.7,85.53,67,3,2.15,NC,1670540129
322,Havre-Saint-Pierre,50.2334,-63.5986,37.76,100,100,8.05,CA,1670540129
323,Kieta,-6.2167,155.6333,79.77,86,100,6.33,PG,1670540129
324,Lahij,13.1667,44.5833,69.17,84,57,1.39,YE,1670540130
325,Saint-Joseph,-21.3667,55.6167,73.78,83,14,12.15,RE,1670540130
326,Port Hueneme,34.1478,-119.1951,64.53,64,8,5.01,US,1670540131
327,Chokwe,-24.5333,32.9833,73.92,89,7,6.06,MZ,1670540131
328,Nelson Bay,-32.7167,152.15,67.1,64,87,10.0,AU,1670540132
329,Bay Roberts,47.5999,-53.2648,40.51,95,5,5.01,CA,1670540132
330,Comodoro Rivadavia,-45.8667,-67.5,75.06,17,0,34.52,AR,1670540133
331,Talara,-4.5772,-81.2719,75.96,60,0,17.27,PE,1670540133
332,Cabo San Lucas,22.8909,-109.9124,83.61,73,72,1.99,MX,1670540134
333,Half Moon Bay,37.4636,-122.4286,58.05,68,75,16.11,US,1670539882
334,Canavieiras,-15.675,-38.9472,75.0,95,100,6.8,BR,1670540134
335,Georgetown,5.4112,100.3354,77.95,91,20,5.99,MY,1670539899
336,Urubicha,-15.3833,-62.95,84.67,53,81,3.62,BO,1670540135
337,Flinders,-34.5833,150.8552,67.05,50,12,5.99,AU,1670540135
338,Byron Bay,-28.65,153.6167,66.79,78,100,11.48,AU,1670540136
339,Saldanha,-33.0117,17.9442,66.58,88,51,9.17,ZA,1670540136
340,Williston,48.147,-103.618,25.54,93,14,5.01,US,1670540136
341,Soloneshnoye,51.6544,84.3197,-2.61,84,74,5.75,RU,1670540137
342,Salalah,17.0151,54.0924,72.5,47,41,7.18,OM,1670540137
343,Tevaitoa,-16.7833,-151.5,80.76,71,91,12.75,PF,1670540137
344,Dingle,10.9995,122.6711,74.82,95,100,5.64,PH,1670540138
345,Manbij,36.5281,37.9549,51.71,65,98,5.82,SY,1670540138
346,Ouadda,8.0777,22.4007,68.58,31,92,4.72,CF,1670540138
347,Delta Del Tigre,-34.7633,-56.3853,88.21,45,0,4.61,UY,1670540139
348,Usinsk,65.9939,57.5281,-15.97,94,47,6.93,RU,1670540139
349,Pacific Grove,36.6177,-121.9166,57.07,75,100,11.99,US,1670540127
350,Matay,28.419,30.7792,61.47,43,50,1.5,EG,1670540140
351,Bolu,40.6667,31.5833,41.81,75,66,4.94,TR,1670540141
352,Kamenka,51.3223,42.7678,20.97,93,100,16.87,RU,1670540141
353,Tingi,-11.3,35.0333,65.08,81,69,3.24,TZ,1670540141
354,Beisfjord,68.3751,17.5988,32.05,84,100,7.9,NO,1670540142
355,Kavaratti,10.5669,72.642,82.09,67,99,12.48,IN,1670540142
356,Grimshaw,56.1834,-117.6027,19.02,86,100,5.75,CA,1670540142
357,Port Moresby,-9.4431,147.1797,78.22,94,40,5.75,PG,1670540143
358,Eureka,40.8021,-124.1637,47.25,95,100,1.99,US,1670540033
359,Guangyuan,32.442,105.823,44.74,75,87,1.52,CN,1670540143
360,Christchurch,-43.5333,172.6333,66.94,72,75,11.5,NZ,1670540135
361,Wakkanai,45.4094,141.6739,30.94,61,100,16.37,JP,1670540144
362,Yar-Sale,66.8333,70.8333,-22.16,94,80,14.2,RU,1670540144
363,Sao Mateus,-18.7161,-39.8589,72.66,96,42,7.02,BR,1670539870
364,Namibe,-15.1961,12.1522,69.53,77,65,4.74,AO,1670540145
365,Northam,51.0333,-4.2167,33.39,82,63,5.14,GB,1670540145
366,Buin,-33.7333,-70.75,88.02,34,0,9.75,CL,1670540146
367,Lere,10.387,8.5726,65.28,27,1,6.22,NG,1670540146
368,Valparaiso,-33.0393,-71.6273,75.43,85,0,13.8,CL,1670539895
369,Moron,-34.6534,-58.6198,93.09,61,11,3.09,AR,1670540147
370,Toguchin,55.2353,84.3858,-8.77,96,24,5.01,RU,1670540147
371,Serenje,-13.2325,30.2352,62.24,92,74,3.22,ZM,1670540147
372,Ostrovnoy,68.0531,39.5131,25.11,91,100,28.99,RU,1670540148
373,Vestmanna,62.1564,-7.1664,36.52,81,75,29.93,FO,1670540148
374,Kenai,60.5544,-151.2583,15.13,81,24,2.98,US,1670540149
375,Sao Filipe,14.8961,-24.4956,76.35,76,3,5.5,CV,1670540149
376,Acapulco,16.8634,-99.8901,82.15,69,0,7.63,MX,1670540150
377,Rosetta,31.4044,30.4164,61.07,61,89,9.44,EG,1670540150
378,Ahuimanu,21.4447,-157.8378,81.61,70,82,8.99,US,1670540150
379,Batemans Bay,-35.7167,150.1833,61.11,39,8,4.92,AU,1670540151
380,Vila Franca Do Campo,37.7167,-25.4333,59.41,85,59,6.8,PT,1670540151
381,Gibraleon,37.3763,-6.969,57.02,85,41,11.92,ES,1670540152
382,Longfeng,46.55,125.1167,3.79,91,55,6.13,CN,1670540152
383,Banyo,6.75,11.8167,66.63,31,80,2.35,CM,1670540153
384,Mizan Teferi,6.9833,35.5833,60.57,89,80,2.55,ET,1670540153
385,Taoudenni,22.6783,-3.9836,79.2,15,27,7.74,ML,1670540153
386,Hambantota,6.1241,81.1185,75.04,69,100,15.08,LK,1670540154
387,Bandundu,-3.3167,17.3667,68.83,94,100,2.59,CD,1670540154
388,Tigre,-34.426,-58.5796,93.34,58,0,8.05,AR,1670540154
389,Cap Malheureux,-19.9842,57.6142,76.46,77,15,1.99,MU,1670540155
390,Barinas,8.6226,-70.2075,75.24,69,73,4.61,VE,1670539978
391,Namie,37.4833,141.0,40.71,80,9,3.51,JP,1670540155
392,Chaykovskiy,56.7686,54.1148,-1.66,92,43,5.91,RU,1670540156
393,Charters Towers,-20.1,146.2667,88.07,37,1,8.43,AU,1670540156
394,Arifwala,30.294,73.0735,61.11,31,0,3.89,PK,1670540156
395,Fiumicino,41.7675,12.2291,60.35,83,0,10.36,IT,1670540157
396,Goba,7.0167,39.9833,48.0,73,88,4.36,ET,1670540157
397,Rio Gallegos,-51.6226,-69.2181,57.25,58,40,16.11,AR,1670540158
398,Rabak,13.1809,32.74,76.89,37,16,12.24,SD,1670540158
399,Pevek,69.7008,170.3133,-17.68,95,86,3.09,RU,1670540159
400,Magan,39.9683,-3.931,55.53,81,61,10.78,ES,1670540159
401,Hurghada,27.2574,33.8129,64.44,32,0,5.75,EG,1670540159
402,Sitka,57.0531,-135.33,33.69,86,75,18.41,US,1670540160
403,San Patricio,28.017,-97.5169,79.54,71,0,11.34,US,1670540160
404,Esmeraldas,-19.7625,-44.3139,81.64,81,43,1.54,BR,1670540161
405,Bathsheba,13.2167,-59.5167,77.05,83,84,10.42,BB,1670540161
406,Waw,7.7029,27.9953,74.77,32,76,2.93,SS,1670540162
407,Nuuk,64.1835,-51.7216,35.58,62,100,29.86,GL,1670539953
408,Tuy Hoa,13.0833,109.3,74.97,88,99,14.99,VN,1670540163
409,Curvelo,-18.7564,-44.4308,74.86,75,50,3.74,BR,1670540164
410,Pucara,-15.9803,-71.4606,33.93,93,100,6.17,PE,1670540167
411,Oranjemund,-28.55,16.4333,62.35,94,8,0.38,NA,1670540167
412,Padang,-0.9492,100.3543,75.56,88,100,2.95,ID,1670540019
413,Port Augusta,-32.5,137.7667,72.03,29,95,8.25,AU,1670540168
414,Souillac,-20.5167,57.5167,77.38,78,75,10.36,MU,1670540168
415,Khani,41.9563,42.9566,38.77,75,98,4.74,GE,1670540169
416,Kampot,10.6167,104.1833,78.85,88,100,7.67,KH,1670540170
417,Port Lincoln,-34.7333,135.8667,62.35,64,79,19.37,AU,1670540170
418,Pochutla,15.7432,-96.4661,85.82,61,0,5.88,MX,1670540171
419,Gillette,44.2911,-105.5022,36.81,51,60,5.79,US,1670540171
420,Necochea,-38.5473,-58.7368,66.69,52,0,5.37,AR,1670540171
421,Mackay,-21.15,149.2,85.68,69,6,11.83,AU,1670540172
422,Baoma,31.4859,106.1128,49.53,69,91,2.39,CN,1670540172
423,Paraiso,9.8383,-83.8656,70.66,83,28,3.65,CR,1670540172
424,Sayyan,15.1718,44.3244,49.37,32,50,2.82,YE,1670540173
425,Corning,42.1428,-77.0547,40.5,78,100,7.11,US,1670540173
426,Kaeo,-35.1,173.7833,69.28,93,100,5.19,NZ,1670540174
427,Aloleng,16.1307,119.7824,79.2,85,100,5.7,PH,1670540174
428,Sao Joao Da Barra,-21.6403,-41.0511,75.29,89,16,5.88,BR,1670540174
429,Dauriya,49.9333,116.8667,2.79,93,100,10.69,RU,1670540175
430,Palmer,42.1584,-72.3287,44.46,68,45,6.93,US,1670540106
431,Brae,60.3964,-1.353,37.85,92,100,16.11,GB,1670540176
432,Magangue,9.242,-74.7547,75.56,72,62,4.07,CO,1670540176
433,Helena,46.5927,-112.0361,29.17,62,0,5.75,US,1670539940
434,Hasaki,35.7333,140.8333,43.21,73,100,11.56,JP,1670540177
435,Kuito,-12.3833,16.9333,57.24,92,100,4.32,AO,1670540177
436,Trairi,-3.2778,-39.2689,78.98,77,95,9.57,BR,1670540158
437,Russell,32.3502,-85.1999,78.08,78,33,4.12,US,1670540178
438,Neuquen,-38.9516,-68.0591,85.89,28,0,14.97,AR,1670540086
439,Mananara,-16.1667,49.7667,71.62,93,16,4.81,MG,1670540178
440,Benguela,-12.5763,13.4055,77.43,80,100,2.84,AO,1670540179
441,Srednekolymsk,67.45,153.6833,-42.27,99,74,4.05,RU,1670540179
442,Batagay-Alyta,67.8006,130.4114,-18.31,99,100,1.48,RU,1670540180
443,Pacasmayo,-7.4006,-79.5714,66.99,76,33,13.06,PE,1670540180
444,Saravan,39.7196,45.6483,25.29,78,20,5.57,AM,1670540181
445,Minab,27.1467,57.0801,68.32,83,0,0.0,IR,1670540181
446,Kargil,34.5667,76.1,23.54,93,99,5.5,IN,1670540182
447,Marsaxlokk,35.8419,14.5431,65.08,88,20,9.22,MT,1670540182
448,Puerto Colombia,10.9878,-74.9547,80.69,79,32,21.81,CO,1670540183
449,Ust-Tsilma,65.441,52.1498,9.79,90,100,8.55,RU,1670540183
450,Roebourne,-20.7833,117.1333,81.81,39,0,13.18,AU,1670540184
451,La Ronge,55.1001,-105.2842,-3.75,71,75,10.36,CA,1670540184
452,Oussouye,12.485,-16.5469,77.18,82,0,5.55,SN,1670540184
453,Hit,33.6416,42.8251,56.88,61,11,2.93,IQ,1670540185
454,Tinskoy,56.1525,96.9161,11.3,69,100,12.91,RU,1670540185
455,Buchanan,5.8808,-10.0467,78.06,87,83,6.91,LR,1670540186
456,Margate,51.3813,1.3862,34.7,82,14,3.0,GB,1670540186
457,Ewo,-0.8725,14.8206,68.92,93,71,3.87,CG,1670540187
458,Oneonta,42.4529,-75.0638,40.3,92,93,9.6,US,1670540187
459,Japura,-0.3167,102.35,72.37,99,97,2.37,ID,1670540188
460,Wanning,18.8003,110.3967,70.07,82,88,8.99,CN,1670540188
461,Goderich,43.7501,-81.7165,33.91,80,63,6.91,CA,1670540189
462,Damaturu,11.747,11.9608,66.06,23,3,8.9,NG,1670540189
463,Colac,-38.3333,143.5833,58.17,50,85,6.06,AU,1670540037
464,Presidencia Roque Saenz Pena,-26.7852,-60.4388,93.04,36,94,9.57,AR,1670540190
465,Mandera,3.9366,41.867,81.63,63,74,16.75,KE,1670540190
466,Kayerkan,69.3497,87.7602,-11.72,99,92,1.63,RU,1670540191
467,Rochegda,62.8,43.25,16.18,93,100,7.85,RU,1670540191
468,Anori,-3.7728,-61.6442,77.2,89,71,2.35,BR,1670540192
469,Howard Springs,-12.497,131.047,87.82,61,86,3.83,AU,1670540192
470,Krasnoarmeysk,51.0239,45.6969,14.0,76,96,12.08,RU,1670540193
471,Lakes Entrance,-37.8811,147.981,57.16,65,64,8.21,AU,1670540193
472,Maraa,-1.8333,-65.3667,74.1,97,88,2.37,BR,1670540193
473,Mzimba,-11.9,33.6,65.68,80,86,8.57,MW,1670540194
474,Providencia,28.7167,-111.5833,77.05,38,36,13.91,MX,1670540194
475,Tairua,-37.0167,175.85,65.35,97,100,14.88,NZ,1670540194
476,Port Blair,11.6667,92.75,79.07,80,69,4.97,IN,1670540195
477,Rawson,-43.3002,-65.1023,78.46,24,53,25.95,AR,1670540018
478,Suntar,62.1444,117.6319,-39.89,100,70,1.21,RU,1670540195
479,Qaqortoq,60.7167,-46.0333,22.01,78,100,8.23,GL,1670540195
480,Matata,-37.8833,176.75,64.58,97,100,17.11,NZ,1670540196
481,Mecca,21.4267,39.8261,73.04,67,13,7.11,SA,1670540196
482,Hernani,43.2662,-1.9762,54.72,87,0,1.99,ES,1670540196
483,Batagay,67.6333,134.6333,-28.14,99,99,2.95,RU,1670540197
484,Rayachoti,14.05,78.75,69.01,55,100,5.88,IN,1670540197
485,Mehamn,71.0357,27.8492,30.11,86,100,18.41,NO,1670540198
486,Kanalia,39.5,22.8833,52.99,100,62,3.4,GR,1670540198
487,Mbaiki,3.8678,17.9892,69.62,92,99,1.95,CF,1670540198
488,Hofn,64.2539,-15.2082,30.43,58,54,23.55,IS,1670540199
489,Pankrushikha,53.8319,80.3406,-10.03,98,18,4.36,RU,1670540199
490,Piltene,57.2243,21.6744,28.35,100,0,3.44,LV,1670540179
491,Redlands,34.0556,-117.1825,63.72,41,0,6.91,US,1670539915
492,Port-Gentil,-0.7193,8.7815,80.56,89,20,2.3,GA,1670540200
493,Lensk,60.7253,114.9278,6.93,94,100,10.07,RU,1670540201
494,Yambio,4.5721,28.3955,70.75,56,100,3.06,SS,1670540201
495,Ezhou,30.4,114.8333,50.77,71,98,4.14,CN,1670540201
496,Takhatgarh,25.3333,73.0,57.87,32,0,2.42,IN,1670540202
497,Wilmington Island,32.0036,-80.9737,73.04,74,67,3.96,US,1670540202
498,Catalina,32.5056,-110.9211,64.42,49,59,1.01,US,1670540203
499,Novomalorossiyskaya,45.6348,39.8948,37.44,71,100,11.1,RU,1670540203
500,San Cristobal,7.7669,-72.225,71.78,88,73,2.66,VE,1670540074
501,Fairbanks,64.8378,-147.7164,17.6,88,100,6.91,US,1670539951
502,Morinville,53.8001,-113.652,22.59,73,100,8.05,CA,1670540204
503,Saint Anthony,45.0205,-93.218,28.33,75,75,5.75,US,1670540204
504,Shelburne,44.0787,-80.2041,28.9,93,53,5.57,CA,1670539921
505,Zhengjiatun,43.5064,123.5064,16.57,63,3,9.17,CN,1670540205
506,Riyadh,24.6877,46.7219,64.54,79,24,7.54,SA,1670539946
507,Mattru,7.6244,-11.8332,75.43,91,10,1.81,SL,1670540205
508,Kholtoson,50.2981,103.3097,-7.83,97,95,4.25,RU,1670540205
509,Miraflores,19.2167,-98.8083,70.03,32,0,3.91,MX,1670540206
510,Sieradz,51.5958,18.7302,32.18,95,69,8.61,PL,1670540206
511,Mountrath,52.9989,-7.4728,26.87,96,8,3.36,IE,1670540207
512,Simbahan,6.3032,120.5836,82.2,74,94,8.9,PH,1670540207
513,Axim,4.8699,-2.2405,78.73,84,5,7.58,GH,1670540208
514,Onalaska,43.8844,-91.2351,31.35,86,40,1.01,US,1670540208
515,Noumea,-22.2763,166.4572,85.98,99,2,5.17,NC,1670540209
516,Marzuq,14.4,46.4667,61.09,31,37,2.8,YE,1670540209
517,Auxerre,47.8,3.5667,27.63,90,10,5.7,FR,1670540024
518,Castro Marim,37.2207,-7.4435,57.29,86,36,15.26,PT,1670540211
519,Portobelo,9.55,-79.65,77.95,81,23,11.83,PA,1670540211
520,Xian,34.2583,108.9286,32.81,60,96,3.62,CN,1670540212
521,Sorong,-0.8833,131.25,78.89,85,65,5.26,ID,1670540212
522,Nouakchott,18.0858,-15.9785,73.33,54,15,12.53,MR,1670540213
523,Pingzhuang,42.0372,119.2889,17.31,46,0,3.15,CN,1670540213
524,Lokosovo,61.1333,74.8167,10.45,93,100,11.97,RU,1670540214
525,Kralendijk,12.15,-68.2667,79.9,68,46,12.93,BQ,1670540214
526,Fort Portal,0.6617,30.2748,59.5,99,97,1.83,UG,1670540215
527,Gonda,27.1333,81.9333,56.79,55,0,4.18,IN,1670540215
528,Moroni,-11.7022,43.2551,77.61,81,3,3.89,KM,1670540215
529,Tucurui,-3.7661,-49.6725,79.79,69,85,3.36,BR,1670540216
530,Berlevag,70.8578,29.0864,30.15,55,75,27.63,NO,1670540216
531,Bouca,6.5105,18.2733,69.76,34,49,0.67,CF,1670540217
532,Mionica,44.8672,18.4631,43.48,92,58,2.1,BA,1670540217
533,Rouvroy,50.3925,2.904,30.88,84,40,4.21,FR,1670540217
534,Otradnoye,59.7775,30.8181,30.25,91,100,10.09,RU,1670540218
535,Finschhafen,-6.6024,147.8681,82.76,75,100,4.63,PG,1670540218
536,Anahuac,27.2333,-100.15,80.11,52,9,7.36,MX,1670540219
537,Adrar,20.5022,-10.0711,76.66,17,39,7.47,MR,1670540219
538,Cururupu,-1.8283,-44.8683,76.17,89,96,3.29,BR,1670540219
539,Masterton,-40.9597,175.6575,59.88,92,100,8.12,NZ,1670540220
540,Roald,62.5833,6.1333,32.76,74,0,8.05,NO,1670540220
541,Mairana,-18.1167,-63.9333,66.7,72,9,5.06,BO,1670540221
542,Dauphin,51.1494,-100.0502,10.54,79,100,11.5,CA,1670540221
543,Altamira,-3.2033,-52.2064,79.47,60,66,2.71,BR,1670540222
544,Port-Cartier,50.0334,-66.8654,34.02,75,19,13.76,CA,1670539974
545,Kermanshah,34.3142,47.065,31.1,64,0,0.0,IR,1670540223
546,Turinskaya Sloboda,57.6232,64.3858,10.76,87,82,9.37,RU,1670540224
547,Najran,17.4924,44.1277,59.65,35,5,2.19,SA,1670540225
548,Meget,52.415,104.0494,9.36,98,100,3.42,RU,1670540225
549,Sioux Lookout,50.1001,-91.917,10.47,79,75,2.3,CA,1670540226
550,Sao Francisco De Assis,-29.5503,-55.1311,87.31,26,0,7.29,BR,1670540226
551,Omboue,-1.5746,9.2618,75.94,87,33,4.5,GA,1670540227
552,Toora-Khem,52.4675,96.11,-23.98,100,42,0.81,RU,1670540228
553,Asau,46.4333,26.4,34.72,88,100,2.66,RO,1670540229
554,Maragogi,-9.0122,-35.2225,77.47,81,86,9.51,BR,1670540229
555,Wewak,-3.5534,143.6268,78.1,87,100,3.56,PG,1670540230
556,Mana,5.6592,-53.7767,77.83,87,94,8.14,GF,1670540230
557,Shingu,33.7333,135.9833,46.65,66,5,4.52,JP,1670540230
558,Perth,-31.9333,115.8333,65.66,70,75,8.05,AU,1670540231
559,Nongstoin,25.5167,91.2667,48.04,28,38,4.0,IN,1670540231
560,Kutulik,53.3508,102.7839,7.09,97,99,3.89,RU,1670540232
561,Bandarbeyla,9.4942,50.8122,77.22,73,95,18.28,SO,1670540232
562,Gouyave,12.1646,-61.7296,79.57,69,20,11.5,GD,1670540233
563,Aykhal,66.0,111.5,-18.58,94,99,4.56,RU,1670540233
564,Ati,13.2154,18.3353,69.51,19,58,9.64,TD,1670540234
565,Nardaran,40.5561,50.0056,40.64,70,100,6.91,AZ,1670540234
566,Semey,50.4111,80.2275,1.49,89,55,6.87,KZ,1670540235
567,Kirov,58.5966,49.6601,9.59,91,45,9.24,RU,1670540236
568,Novoselytsya,48.2193,26.2653,37.58,93,84,5.28,UA,1670540236
569,Sri Aman,1.2376,111.4621,75.25,94,100,0.0,MY,1670540237
570,Harper,4.375,-7.7169,78.71,82,14,6.38,LR,1670540237
571,Guadalupe Victoria,32.2869,-115.105,66.88,19,5,6.67,MX,1670540237
572,Bacolod,10.6667,122.95,76.91,92,100,6.31,PH,1670540238
573,Ust-Maya,60.4167,134.5333,-28.43,98,98,2.3,RU,1670540238
574,Port Hardy,50.6996,-127.4199,39.38,87,75,8.05,CA,1670540239
575,Gardabani,41.4605,45.0928,37.49,87,45,0.94,GE,1670540239
